{
	"info": {
		"_postman_id": "59925f26-9470-43cc-9bda-646eebcfc5fa",
		"name": "neighbors",
		"schema": "https://schema.getpostman.com/json/collection/v2.1.0/collection.json"
	},
	"item": [
		{
			"name": "login",
			"event": [
				{
					"listen": "test",
					"script": {
						"exec": [
							"if (pm.response.code == 200) {\r",
							"    var jsonData = pm.response.json();\r",
							"    pm.globals.set(\"authToken\", jsonData.idToken);\r",
							"    pm.globals.set(\"userId\", jsonData.userId)\r",
							"}\r",
							""
						],
						"type": "text/javascript"
					}
				}
			],
			"request": {
				"method": "POST",
				"header": [],
				"body": {
					"mode": "raw",
					"raw": "{\r\n    \"username\": \"testUser\",\r\n    \"password\": \"testUserPass\"\r\n}",
					"options": {
						"raw": {
							"language": "json"
						}
					}
				},
				"url": {
					"raw": "localhost:5000/login",
					"host": [
						"localhost"
					],
					"port": "5000",
					"path": [
						"login"
					]
				}
			},
			"response": [
				{
					"name": "successful login",
					"originalRequest": {
						"method": "POST",
						"header": [],
						"body": {
							"mode": "raw",
							"raw": "{\r\n    \"username\": \"testUser\",\r\n    \"password\": \"testUserPass\"\r\n}",
							"options": {
								"raw": {
									"language": "json"
								}
							}
						},
						"url": {
							"raw": "localhost:5000/login",
							"host": [
								"localhost"
							],
							"port": "5000",
							"path": [
								"login"
							]
						}
					},
					"status": "OK",
					"code": 200,
					"_postman_previewlanguage": "json",
					"header": [
						{
							"key": "X-Powered-By",
							"value": "Express"
						},
						{
							"key": "Content-Type",
							"value": "application/json; charset=utf-8"
						},
						{
							"key": "Content-Length",
							"value": "401"
						},
						{
							"key": "ETag",
							"value": "W/\"191-Ba6Ty+RDFcLtmPmE1Wb2fQlhb1c\""
						},
						{
							"key": "Date",
							"value": "Sun, 21 Nov 2021 19:32:22 GMT"
						},
						{
							"key": "Connection",
							"value": "keep-alive"
						},
						{
							"key": "Keep-Alive",
							"value": "timeout=5"
						}
					],
					"cookie": [],
					"body": "{\n    \"idToken\": \"eyJhbGciOiJSUzI1NiIsInR5cCI6IkpXVCJ9.eyJpYXQiOjE2Mzc1MjMxNDIsImV4cCI6MTYzNzUyMzI2Miwic3ViIjoiMWFkMmFlNWItNGFmZS0xMWVjLTkwYTYtMDI0MmFjMTIwMDAyIn0.QNYwWU9ij7RdOtIUEGa9JGZhu-ahuELGYPa5w1Jr3N0hIZELiYVC0z6S6EBkcC0mckuR5z7BlG4HwOyo_Gm8MYquz621q9YMOTT55v8mqkt3Zx93FBCnsO73v758xIg5Vcqkay_8VxDgDbQMtSTlSj_WQtDfUiz73t0V4d1FOis\",\n    \"userId\": \"1ad2ae5b-4afe-11ec-90a6-0242ac120002\",\n    \"expiresIn\": 1637523262\n}"
				}
			]
		},
		{
			"name": "get users",
			"request": {
				"method": "GET",
				"header": [],
				"url": {
					"raw": "localhost:5000/users",
					"host": [
						"localhost"
					],
					"port": "5000",
					"path": [
						"users"
					]
				}
			},
			"response": [
				{
					"name": "get users",
					"originalRequest": {
						"method": "GET",
						"header": [],
						"url": {
							"raw": "localhost:5000/users",
							"host": [
								"localhost"
							],
							"port": "5000",
							"path": [
								"users"
							]
						}
					},
					"status": "OK",
					"code": 200,
					"_postman_previewlanguage": "json",
					"header": [
						{
							"key": "X-Powered-By",
							"value": "Express"
						},
						{
							"key": "Content-Type",
							"value": "application/json; charset=utf-8"
						},
						{
							"key": "Content-Length",
							"value": "240"
						},
						{
							"key": "ETag",
							"value": "W/\"f0-FNoDJu9iLsAJFvrAaBzkt/4J2HI\""
						},
						{
							"key": "Date",
							"value": "Thu, 11 Nov 2021 03:58:36 GMT"
						},
						{
							"key": "Connection",
							"value": "keep-alive"
						},
						{
							"key": "Keep-Alive",
							"value": "timeout=5"
						}
					],
					"cookie": [],
					"body": "[\n    {\n        \"userId\": \"616d62c6-4277-11ec-b299-0242c0a80002\",\n        \"username\": \"testUser\",\n        \"lastName\": \"lastname\",\n        \"firstName\": \"firstname\"\n    },\n    {\n        \"userId\": \"616db5ea-4277-11ec-b299-0242c0a80002\",\n        \"username\": \"testUser2\",\n        \"lastName\": \"lastname2\",\n        \"firstName\": \"firstname2\"\n    }\n]"
				}
			]
		},
		{
			"name": "get self",
			"request": {
				"method": "GET",
				"header": [],
				"url": {
					"raw": "localhost:5000/users/self",
					"host": [
						"localhost"
					],
					"port": "5000",
					"path": [
						"users",
						"self"
					]
				}
			},
			"response": [
				{
					"name": "get self",
					"originalRequest": {
						"method": "GET",
						"header": [],
						"url": {
							"raw": "localhost:5000/users/self",
							"host": [
								"localhost"
							],
							"port": "5000",
							"path": [
								"users",
								"self"
							]
						}
					},
					"status": "OK",
					"code": 200,
					"_postman_previewlanguage": "json",
					"header": [
						{
							"key": "X-Powered-By",
							"value": "Express"
						},
						{
							"key": "Content-Type",
							"value": "application/json; charset=utf-8"
						},
						{
							"key": "Content-Length",
							"value": "127"
						},
						{
							"key": "ETag",
							"value": "W/\"7f-mP4+dm5JzoQxmkMB0Mkqlp6ou/o\""
						},
						{
							"key": "Date",
							"value": "Tue, 23 Nov 2021 05:55:51 GMT"
						},
						{
							"key": "Connection",
							"value": "keep-alive"
						},
						{
							"key": "Keep-Alive",
							"value": "timeout=5"
						}
					],
					"cookie": [],
					"body": "{\n    \"userId\": \"0e5271af-4c1e-11ec-9ae2-0242ac120002\",\n    \"username\": \"testUser\",\n    \"lastName\": \"lastname\",\n    \"firstName\": \"firstname\",\n    \"karma\": 0\n}"
				}
			]
		},
		{
			"name": "get services",
			"request": {
				"method": "GET",
				"header": [],
				"url": {
					"raw": "localhost:5000/services",
					"host": [
						"localhost"
					],
					"port": "5000",
					"path": [
						"services"
					]
				}
			},
			"response": [
				{
					"name": "get services",
					"originalRequest": {
						"method": "GET",
						"header": [],
						"url": {
							"raw": "localhost:5000/services",
							"host": [
								"localhost"
							],
							"port": "5000",
							"path": [
								"services"
							]
						}
					},
					"status": "OK",
					"code": 200,
					"_postman_previewlanguage": "json",
					"header": [
						{
							"key": "X-Powered-By",
							"value": "Express"
						},
						{
							"key": "Content-Type",
							"value": "application/json; charset=utf-8"
						},
						{
							"key": "Content-Length",
							"value": "1855"
						},
						{
							"key": "ETag",
							"value": "W/\"73f-qh+cbGr5IiTVxFB/VfQpZwf4CxU\""
						},
						{
							"key": "Date",
							"value": "Thu, 11 Nov 2021 03:58:39 GMT"
						},
						{
							"key": "Connection",
							"value": "keep-alive"
						},
						{
							"key": "Keep-Alive",
							"value": "timeout=5"
						}
					],
					"cookie": [],
					"body": "[\n    {\n        \"serviceId\": \"06d1b55e-b93f-4871-a780-fa5508895f08\",\n        \"title\": \"another test\",\n        \"description\": \"a service description\",\n        \"link\": \"http://www.somewhere.com\",\n        \"nextSteps\": \"some things you have to do\",\n        \"photo\": null,\n        \"categoryName\": \"Food\",\n        \"categoryType\": \"type\",\n        \"userId\": \"616d62c6-4277-11ec-b299-0242c0a80002\",\n        \"locationId\": 1\n    },\n    {\n        \"serviceId\": \"0bd2acc3-652b-41b6-97ec-3f25b78c0e3e\",\n        \"title\": \"another test\",\n        \"description\": \"a service description\",\n        \"link\": \"http://www.somewhere.com\",\n        \"nextSteps\": \"some things you have to do\",\n        \"photo\": null,\n        \"categoryName\": \"Food\",\n        \"categoryType\": \"type\",\n        \"userId\": \"616d62c6-4277-11ec-b299-0242c0a80002\",\n        \"locationId\": 1\n    },\n    {\n        \"serviceId\": \"56a31293-d9d8-4ec0-ac76-a408929acfb8\",\n        \"title\": \"another test\",\n        \"description\": \"a service description\",\n        \"link\": \"http://www.somewhere.com\",\n        \"nextSteps\": \"some things you have to do\",\n        \"photo\": null,\n        \"categoryName\": \"Food\",\n        \"categoryType\": \"type\",\n        \"userId\": \"616d62c6-4277-11ec-b299-0242c0a80002\",\n        \"locationId\": 1\n    },\n    {\n        \"serviceId\": \"77690863-3dae-493c-9d94-336bb0bda987\",\n        \"title\": \"another test\",\n        \"description\": \"a service description\",\n        \"link\": \"http://www.somewhere.com\",\n        \"nextSteps\": \"some things you have to do\",\n        \"photo\": null,\n        \"categoryName\": \"Food\",\n        \"categoryType\": \"type\",\n        \"userId\": \"616d62c6-4277-11ec-b299-0242c0a80002\",\n        \"locationId\": 1\n    },\n    {\n        \"serviceId\": \"7e620a24-c3fe-48aa-a37e-6986ee79c743\",\n        \"title\": \"another test\",\n        \"description\": \"a service description\",\n        \"link\": \"http://www.somewhere.com\",\n        \"nextSteps\": \"some things you have to do\",\n        \"photo\": null,\n        \"categoryName\": \"Food\",\n        \"categoryType\": \"type\",\n        \"userId\": \"616d62c6-4277-11ec-b299-0242c0a80002\",\n        \"locationId\": 1\n    },\n    {\n        \"serviceId\": \"ede6f0b3-c655-4282-b286-6951a244b998\",\n        \"title\": \"another test\",\n        \"description\": \"a service description\",\n        \"link\": \"http://www.somewhere.com\",\n        \"nextSteps\": \"some things you have to do\",\n        \"photo\": null,\n        \"categoryName\": \"Food\",\n        \"categoryType\": \"type\",\n        \"userId\": \"616d62c6-4277-11ec-b299-0242c0a80002\",\n        \"locationId\": 1\n    }\n]"
				}
			]
		},
		{
			"name": "get service",
			"request": {
				"method": "GET",
				"header": [],
				"url": {
					"raw": "localhost:5000/services/ce215800-9be2-4475-a5c0-ef2f11808c06",
					"host": [
						"localhost"
					],
					"port": "5000",
					"path": [
						"services",
						"ce215800-9be2-4475-a5c0-ef2f11808c06"
					]
				}
			},
			"response": [
				{
					"name": "get service",
					"originalRequest": {
						"method": "GET",
						"header": [],
						"url": {
							"raw": "localhost:5000/services/ede6f0b3-c655-4282-b286-6951a244b998",
							"host": [
								"localhost"
							],
							"port": "5000",
							"path": [
								"services",
								"ede6f0b3-c655-4282-b286-6951a244b998"
							]
						}
					},
					"status": "OK",
					"code": 200,
					"_postman_previewlanguage": "json",
					"header": [
						{
							"key": "X-Powered-By",
							"value": "Express"
						},
						{
							"key": "Content-Type",
							"value": "application/json; charset=utf-8"
						},
						{
							"key": "Content-Length",
							"value": "392"
						},
						{
							"key": "ETag",
							"value": "W/\"188-lu+TxmAtdYew5NxqnlAQ72YZPPE\""
						},
						{
							"key": "Date",
							"value": "Thu, 11 Nov 2021 03:58:41 GMT"
						},
						{
							"key": "Connection",
							"value": "keep-alive"
						},
						{
							"key": "Keep-Alive",
							"value": "timeout=5"
						}
					],
					"cookie": [],
					"body": "{\n    \"serviceId\": \"ede6f0b3-c655-4282-b286-6951a244b998\",\n    \"title\": \"another test\",\n    \"description\": \"a service description\",\n    \"link\": \"http://www.somewhere.com\",\n    \"nextSteps\": \"some things you have to do\",\n    \"photo\": null,\n    \"categoryName\": \"Food\",\n    \"categoryType\": \"type\",\n    \"userId\": \"616d62c6-4277-11ec-b299-0242c0a80002\",\n    \"location\": {\n        \"streetAddress\": \"1234 test Street\",\n        \"city\": \"testville\",\n        \"country\": \"USA\",\n        \"zipCode\": 11111\n    }\n}"
				}
			]
		},
		{
			"name": "create service",
			"request": {
				"method": "POST",
				"header": [],
				"body": {
					"mode": "raw",
					"raw": "{\r\n    \"title\": \"another test\",\r\n    \"description\": \"a service description\",\r\n    \"link\": \"http://www.somewhere.com\",\r\n    \"nextSteps\": \"some things you have to do\",\r\n    \"categoryName\" : \"Food\",\r\n    \"userId\": \"616d62c6-4277-11ec-b299-0242c0a80002\",\r\n    \"location\": {\r\n        \"streetAddress\": \"1234 test Street\",\r\n        \"city\":\"testville\",\r\n        \"country\": \"USA\",\r\n        \"zipCode\":\"11111\"\r\n    }\r\n}",
					"options": {
						"raw": {
							"language": "json"
						}
					}
				},
				"url": {
					"raw": "localhost:5000/services",
					"host": [
						"localhost"
					],
					"port": "5000",
					"path": [
						"services"
					]
				}
			},
			"response": [
				{
					"name": "create service",
					"originalRequest": {
						"method": "POST",
						"header": [],
						"body": {
							"mode": "raw",
							"raw": "{\r\n    \"title\": \"another test\",\r\n    \"description\": \"a service description\",\r\n    \"link\": \"http://www.somewhere.com\",\r\n    \"nextSteps\": \"some things you have to do\",\r\n    \"categoryName\" : \"Food\",\r\n    \"userId\": \"616d62c6-4277-11ec-b299-0242c0a80002\",\r\n    \"location\": {\r\n        \"streetAddress\": \"1234 test Street\",\r\n        \"city\":\"testville\",\r\n        \"country\": \"USA\",\r\n        \"zipCode\":\"11111\"\r\n    }\r\n}",
							"options": {
								"raw": {
									"language": "json"
								}
							}
						},
						"url": {
							"raw": "localhost:5000/services",
							"host": [
								"localhost"
							],
							"port": "5000",
							"path": [
								"services"
							]
						}
					},
					"status": "OK",
					"code": 200,
					"_postman_previewlanguage": "json",
					"header": [
						{
							"key": "X-Powered-By",
							"value": "Express"
						},
						{
							"key": "Content-Type",
							"value": "application/json; charset=utf-8"
						},
						{
							"key": "Content-Length",
							"value": "392"
						},
						{
							"key": "ETag",
							"value": "W/\"188-KuPoR3LPjNaoDQg6JCOXctsL7kY\""
						},
						{
							"key": "Date",
							"value": "Thu, 11 Nov 2021 03:58:43 GMT"
						},
						{
							"key": "Connection",
							"value": "keep-alive"
						},
						{
							"key": "Keep-Alive",
							"value": "timeout=5"
						}
					],
					"cookie": [],
					"body": "{\n    \"serviceId\": \"2e7684e2-434c-4f12-b1de-bee43859635c\",\n    \"title\": \"another test\",\n    \"description\": \"a service description\",\n    \"link\": \"http://www.somewhere.com\",\n    \"nextSteps\": \"some things you have to do\",\n    \"photo\": null,\n    \"categoryName\": \"Food\",\n    \"categoryType\": \"type\",\n    \"userId\": \"616d62c6-4277-11ec-b299-0242c0a80002\",\n    \"location\": {\n        \"streetAddress\": \"1234 test Street\",\n        \"city\": \"testville\",\n        \"country\": \"USA\",\n        \"zipCode\": 11111\n    }\n}"
				}
			]
		},
		{
			"name": "report service",
			"request": {
				"method": "PUT",
				"header": [],
				"body": {
					"mode": "raw",
					"raw": "{\r\n    \"reportType\": \"no good\",\r\n    \"reportDescription\": \"this is no good\"\r\n}",
					"options": {
						"raw": {
							"language": "json"
						}
					}
				},
				"url": {
					"raw": "localhost:5000/services/ce215800-9be2-4475-a5c0-ef2f11808c06/report",
					"host": [
						"localhost"
					],
					"port": "5000",
					"path": [
						"services",
						"ce215800-9be2-4475-a5c0-ef2f11808c06",
						"report"
					]
				}
			},
			"response": [
				{
					"name": "report service",
					"originalRequest": {
						"method": "PUT",
						"header": [],
						"body": {
							"mode": "raw",
							"raw": "{\r\n    \"reportType\": \"no good\",\r\n    \"reportDescription\": \"this is no good\",\r\n    \"reportingUser\": \"616d62c6-4277-11ec-b299-0242c0a80002\"\r\n}",
							"options": {
								"raw": {
									"language": "json"
								}
							}
						},
						"url": {
							"raw": "localhost:5000/services/06d1b55e-b93f-4871-a780-fa5508895f08/report",
							"host": [
								"localhost"
							],
							"port": "5000",
							"path": [
								"services",
								"06d1b55e-b93f-4871-a780-fa5508895f08",
								"report"
							]
						}
					},
					"status": "OK",
					"code": 200,
					"_postman_previewlanguage": "json",
					"header": [
						{
							"key": "X-Powered-By",
							"value": "Express"
						},
						{
							"key": "Content-Type",
							"value": "application/json; charset=utf-8"
						},
						{
							"key": "Content-Length",
							"value": "156"
						},
						{
							"key": "ETag",
							"value": "W/\"9c-ypgZHtsERfjbKdh0GPUKNuPD4rY\""
						},
						{
							"key": "Date",
							"value": "Thu, 11 Nov 2021 03:58:46 GMT"
						},
						{
							"key": "Connection",
							"value": "keep-alive"
						},
						{
							"key": "Keep-Alive",
							"value": "timeout=5"
						}
					],
					"cookie": [],
					"body": "{\n    \"reportId\": \"e869a172-c917-4ad2-88a2-6580b71782cf\",\n    \"reportType\": \"no good\",\n    \"reportDesc\": \"this is no good\",\n    \"serviceId\": \"06d1b55e-b93f-4871-a780-fa5508895f08\"\n}"
				}
			]
		},
		{
			"name": "delete service",
			"request": {
				"method": "DELETE",
				"header": [],
				"url": {
					"raw": "localhost:5000/services/56a31293-d9d8-4ec0-ac76-a408929acfb8",
					"host": [
						"localhost"
					],
					"port": "5000",
					"path": [
						"services",
						"56a31293-d9d8-4ec0-ac76-a408929acfb8"
					]
				}
			},
			"response": [
				{
					"name": "delete service",
					"originalRequest": {
						"method": "DELETE",
						"header": [],
						"url": {
							"raw": "localhost:5000/services/56a31293-d9d8-4ec0-ac76-a408929acfb8",
							"host": [
								"localhost"
							],
							"port": "5000",
							"path": [
								"services",
								"56a31293-d9d8-4ec0-ac76-a408929acfb8"
							]
						}
					},
					"status": "OK",
					"code": 200,
					"_postman_previewlanguage": "html",
					"header": [
						{
							"key": "X-Powered-By",
							"value": "Express"
						},
						{
							"key": "Content-Type",
							"value": "text/html; charset=utf-8"
						},
						{
							"key": "Content-Length",
							"value": "7"
						},
						{
							"key": "ETag",
							"value": "W/\"7-U6VofLJtxB8qtAM+l+E63v03QNY\""
						},
						{
							"key": "Date",
							"value": "Thu, 11 Nov 2021 03:59:15 GMT"
						},
						{
							"key": "Connection",
							"value": "keep-alive"
						},
						{
							"key": "Keep-Alive",
							"value": "timeout=5"
						}
					],
					"cookie": [],
					"body": "success"
				}
			]
		},
		{
			"name": "get posts",
			"request": {
				"method": "GET",
				"header": [],
				"url": {
					"raw": "localhost:5000/posts",
					"host": [
						"localhost"
					],
					"port": "5000",
					"path": [
						"posts"
					]
				}
			},
			"response": [
				{
					"name": "get posts",
					"originalRequest": {
						"method": "GET",
						"header": [],
						"url": {
							"raw": "localhost:5000/posts",
							"host": [
								"localhost"
							],
							"port": "5000",
							"path": [
								"posts"
							]
						}
					},
					"status": "OK",
					"code": 200,
					"_postman_previewlanguage": "json",
					"header": [
						{
							"key": "X-Powered-By",
							"value": "Express"
						},
						{
							"key": "Content-Type",
							"value": "application/json; charset=utf-8"
						},
						{
							"key": "Content-Length",
							"value": "565"
						},
						{
							"key": "ETag",
							"value": "W/\"235-qpJybxST2ENpR5SZOBviPZs8b2U\""
						},
						{
							"key": "Date",
							"value": "Thu, 11 Nov 2021 04:00:37 GMT"
						},
						{
							"key": "Connection",
							"value": "keep-alive"
						},
						{
							"key": "Keep-Alive",
							"value": "timeout=5"
						}
					],
					"cookie": [],
					"body": "[\n    {\n        \"postId\": \"47cc7d35-d400-4beb-a193-a9dee1323211\",\n        \"title\": \"post title\",\n        \"description\": \"description of the post\",\n        \"duration\": \"2021-12-31T23:59:59.000Z\",\n        \"createDate\": \"2021-11-11T00:40:19.000Z\",\n        \"categoryName\": \"Money\",\n        \"categoryType\": \"type\",\n        \"userId\": \"616d62c6-4277-11ec-b299-0242c0a80002\"\n    },\n    {\n        \"postId\": \"c9f6413e-77ad-4a81-ad8f-424e7ddb6eb3\",\n        \"title\": \"post title\",\n        \"description\": \"description of the post\",\n        \"duration\": \"2021-12-31T23:59:59.000Z\",\n        \"createDate\": \"2021-11-11T04:00:26.000Z\",\n        \"categoryName\": \"Money\",\n        \"categoryType\": \"type\",\n        \"userId\": \"616d62c6-4277-11ec-b299-0242c0a80002\"\n    }\n]"
				}
			]
		},
		{
			"name": "get post",
			"request": {
				"method": "GET",
				"header": [],
				"url": {
					"raw": "localhost:5000/posts/bfa1f883-edc7-4d50-bed5-7833d3e06805",
					"host": [
						"localhost"
					],
					"port": "5000",
					"path": [
						"posts",
						"bfa1f883-edc7-4d50-bed5-7833d3e06805"
					]
				}
			},
			"response": [
				{
					"name": "get post",
					"originalRequest": {
						"method": "GET",
						"header": [],
						"url": {
							"raw": "localhost:5000/posts/47cc7d35-d400-4beb-a193-a9dee1323211",
							"host": [
								"localhost"
							],
							"port": "5000",
							"path": [
								"posts",
								"47cc7d35-d400-4beb-a193-a9dee1323211"
							]
						}
					},
					"status": "OK",
					"code": 200,
					"_postman_previewlanguage": "json",
					"header": [
						{
							"key": "X-Powered-By",
							"value": "Express"
						},
						{
							"key": "Content-Type",
							"value": "application/json; charset=utf-8"
						},
						{
							"key": "Content-Length",
							"value": "241"
						},
						{
							"key": "ETag",
							"value": "W/\"f1-yeTgdoiE39jeLrqraRb3VVrMSik\""
						},
						{
							"key": "Date",
							"value": "Thu, 11 Nov 2021 04:00:22 GMT"
						},
						{
							"key": "Connection",
							"value": "keep-alive"
						},
						{
							"key": "Keep-Alive",
							"value": "timeout=5"
						}
					],
					"cookie": [],
					"body": "{\n    \"postId\": \"47cc7d35-d400-4beb-a193-a9dee1323211\",\n    \"title\": \"post title\",\n    \"description\": \"description of the post\",\n    \"duration\": \"2021-12-31T23:59:59.000Z\",\n    \"categoryName\": \"Money\",\n    \"categoryType\": \"type\",\n    \"userId\": \"616d62c6-4277-11ec-b299-0242c0a80002\"\n}"
				}
			]
		},
		{
			"name": "create post",
			"request": {
				"method": "POST",
				"header": [],
				"body": {
					"mode": "raw",
					"raw": "{\r\n    \"title\": \"post title\",\r\n    \"description\": \"description of the post\",\r\n    \"duration\": \"2021-12-31 23:59:59\",\r\n    \"category\" : \"Food\",\r\n    \"userId\": \"0e36a90c-42b4-11ec-b581-0242ac180002\",\r\n    \"type\": \"request\",\r\n    \"location\": {\r\n        \"streetAddress\": \"1234 test Street\",\r\n        \"city\":\"testville\",\r\n        \"country\": \"USA\",\r\n        \"zipCode\":\"11111\"\r\n    }\r\n}",
					"options": {
						"raw": {
							"language": "json"
						}
					}
				},
				"url": {
					"raw": "localhost:5000/posts",
					"host": [
						"localhost"
					],
					"port": "5000",
					"path": [
						"posts"
					]
				}
			},
			"response": [
				{
					"name": "create post",
					"originalRequest": {
						"method": "POST",
						"header": [],
						"body": {
							"mode": "raw",
							"raw": "{\r\n    \"title\": \"post title\",\r\n    \"description\": \"description of the post\",\r\n    \"duration\": \"2021-12-31 23:59:59\",\r\n    \"category\" : \"Food\",\r\n    \"userId\": \"0e36a90c-42b4-11ec-b581-0242ac180002\",\r\n    \"location\": {\r\n        \"streetAddress\": \"1234 test Street\",\r\n        \"city\":\"testville\",\r\n        \"country\": \"USA\",\r\n        \"zipCode\":\"11111\"\r\n    }\r\n}",
							"options": {
								"raw": {
									"language": "json"
								}
							}
						},
						"url": {
							"raw": "localhost:5000/posts",
							"host": [
								"localhost"
							],
							"port": "5000",
							"path": [
								"posts"
							]
						}
					},
					"status": "OK",
					"code": 200,
					"_postman_previewlanguage": "json",
					"header": [
						{
							"key": "X-Powered-By",
							"value": "Express"
						},
						{
							"key": "Content-Type",
							"value": "application/json; charset=utf-8"
						},
						{
							"key": "Content-Length",
							"value": "215"
						},
						{
							"key": "ETag",
							"value": "W/\"d7-2jC8f2DU+/i8yCmY9M6uBAJVNrw\""
						},
						{
							"key": "Date",
							"value": "Thu, 11 Nov 2021 06:07:56 GMT"
						},
						{
							"key": "Connection",
							"value": "keep-alive"
						},
						{
							"key": "Keep-Alive",
							"value": "timeout=5"
						}
					],
					"cookie": [],
					"body": "{\n    \"postId\": \"04ec145d-aa40-4c2d-b2af-7799d8aa20e7\",\n    \"title\": \"post title\",\n    \"description\": \"description of the post\",\n    \"duration\": \"2021-12-31T23:59:59.000Z\",\n    \"category\": \"Food\",\n    \"type\": \"type\",\n    \"userId\": null,\n    \"location\": \"5 miles\"\n}"
				}
			]
		},
		{
			"name": "report post",
			"request": {
				"method": "PUT",
				"header": [],
				"body": {
					"mode": "raw",
					"raw": "{\r\n    \"reportType\": \"no good\",\r\n    \"reportDescription\": \"this is no good\"\r\n}",
					"options": {
						"raw": {
							"language": "json"
						}
					}
				},
				"url": {
					"raw": "localhost:5000/posts/bfa1f883-edc7-4d50-bed5-7833d3e06805/report",
					"host": [
						"localhost"
					],
					"port": "5000",
					"path": [
						"posts",
						"bfa1f883-edc7-4d50-bed5-7833d3e06805",
						"report"
					]
				}
			},
			"response": [
				{
					"name": "report post",
					"originalRequest": {
						"method": "PUT",
						"header": [],
						"body": {
							"mode": "raw",
							"raw": "{\r\n    \"reportType\": \"no good\",\r\n    \"reportDescription\": \"this is no good\",\r\n    \"reportingUser\": \"616d62c6-4277-11ec-b299-0242c0a80002\"\r\n}",
							"options": {
								"raw": {
									"language": "json"
								}
							}
						},
						"url": {
							"raw": "localhost:5000/posts/47cc7d35-d400-4beb-a193-a9dee1323211/report",
							"host": [
								"localhost"
							],
							"port": "5000",
							"path": [
								"posts",
								"47cc7d35-d400-4beb-a193-a9dee1323211",
								"report"
							]
						}
					},
					"status": "OK",
					"code": 200,
					"_postman_previewlanguage": "json",
					"header": [
						{
							"key": "X-Powered-By",
							"value": "Express"
						},
						{
							"key": "Content-Type",
							"value": "application/json; charset=utf-8"
						},
						{
							"key": "Content-Length",
							"value": "153"
						},
						{
							"key": "ETag",
							"value": "W/\"99-HHJLPymq9LWqwtWtDYSNFuGtvYc\""
						},
						{
							"key": "Date",
							"value": "Thu, 11 Nov 2021 04:00:30 GMT"
						},
						{
							"key": "Connection",
							"value": "keep-alive"
						},
						{
							"key": "Keep-Alive",
							"value": "timeout=5"
						}
					],
					"cookie": [],
					"body": "{\n    \"reportId\": \"96814316-8095-4172-94e0-8a1f75b35aef\",\n    \"reportType\": \"no good\",\n    \"reportDesc\": \"this is no good\",\n    \"postId\": \"47cc7d35-d400-4beb-a193-a9dee1323211\"\n}"
				}
			]
		},
		{
			"name": "delete post",
			"request": {
				"method": "DELETE",
				"header": [],
				"url": {
					"raw": "localhost:5000/posts/c9f6413e-77ad-4a81-ad8f-424e7ddb6eb3",
					"host": [
						"localhost"
					],
					"port": "5000",
					"path": [
						"posts",
						"c9f6413e-77ad-4a81-ad8f-424e7ddb6eb3"
					]
				}
			},
			"response": [
				{
					"name": "delete post",
					"originalRequest": {
						"method": "DELETE",
						"header": [],
						"url": {
							"raw": "localhost:5000/posts/c9f6413e-77ad-4a81-ad8f-424e7ddb6eb3",
							"host": [
								"localhost"
							],
							"port": "5000",
							"path": [
								"posts",
								"c9f6413e-77ad-4a81-ad8f-424e7ddb6eb3"
							]
						}
					},
					"status": "OK",
					"code": 200,
					"_postman_previewlanguage": "html",
					"header": [
						{
							"key": "X-Powered-By",
							"value": "Express"
						},
						{
							"key": "Content-Type",
							"value": "text/html; charset=utf-8"
						},
						{
							"key": "Content-Length",
							"value": "7"
						},
						{
							"key": "ETag",
							"value": "W/\"7-U6VofLJtxB8qtAM+l+E63v03QNY\""
						},
						{
							"key": "Date",
							"value": "Thu, 11 Nov 2021 04:00:45 GMT"
						},
						{
							"key": "Connection",
							"value": "keep-alive"
						},
						{
							"key": "Keep-Alive",
							"value": "timeout=5"
						}
					],
					"cookie": [],
					"body": "success"
				}
			]
		},
		{
			"name": "get conversation users",
			"event": [
				{
					"listen": "test",
					"script": {
						"exec": [
							"if (pm.response.code == 200) {\r",
							"    var jsonData = pm.response.json();\r",
							"    if (jsonData.length > 0) {\r",
							"        pm.globals.set(\"aConvoUser\", jsonData[0].userId)\r",
							"    }\r",
							"}\r",
							""
						],
						"type": "text/javascript"
					}
				}
			],
			"request": {
				"method": "GET",
				"header": [],
				"url": {
					"raw": "localhost:5000/messages",
					"host": [
						"localhost"
					],
					"port": "5000",
					"path": [
						"messages"
					]
				}
			},
			"response": [
				{
					"name": "example one convo",
					"originalRequest": {
						"method": "GET",
						"header": [],
						"url": {
							"raw": "localhost:5000/messages",
							"host": [
								"localhost"
							],
							"port": "5000",
							"path": [
								"messages"
							]
						}
					},
					"status": "OK",
					"code": 200,
					"_postman_previewlanguage": "json",
					"header": [
						{
							"key": "X-Powered-By",
							"value": "Express"
						},
						{
							"key": "Content-Type",
							"value": "application/json; charset=utf-8"
						},
						{
							"key": "Content-Length",
							"value": "51"
						},
						{
							"key": "ETag",
							"value": "W/\"33-EubVBS1Rz842CAR8tQDZR9WetIQ\""
						},
						{
							"key": "Date",
							"value": "Tue, 23 Nov 2021 05:52:43 GMT"
						},
						{
							"key": "Connection",
							"value": "keep-alive"
						},
						{
							"key": "Keep-Alive",
							"value": "timeout=5"
						}
					],
					"cookie": [],
					"body": "[\n    {\n        \"userId\": \"0e52d6c8-4c1e-11ec-9ae2-0242ac120002\"\n    }\n]"
				}
			]
		},
		{
			"name": "get messages in conversation",
			"request": {
				"method": "GET",
				"header": [],
				"url": {
					"raw": "localhost:5000/messages/{{aConvoUser}}",
					"host": [
						"localhost"
					],
					"port": "5000",
					"path": [
						"messages",
						"{{aConvoUser}}"
					]
				}
			},
			"response": [
				{
					"name": "example convo",
					"originalRequest": {
						"method": "GET",
						"header": [],
						"url": {
							"raw": "localhost:5000/messages/{{aConvoUser}}",
							"host": [
								"localhost"
							],
							"port": "5000",
							"path": [
								"messages",
								"{{aConvoUser}}"
							]
						}
					},
					"status": "OK",
					"code": 200,
					"_postman_previewlanguage": "json",
					"header": [
						{
							"key": "X-Powered-By",
							"value": "Express"
						},
						{
							"key": "Content-Type",
							"value": "application/json; charset=utf-8"
						},
						{
							"key": "Content-Length",
							"value": "222"
						},
						{
							"key": "ETag",
							"value": "W/\"de-IQNgmDpX2S2L4C4cjOpItj07IkE\""
						},
						{
							"key": "Date",
							"value": "Tue, 23 Nov 2021 05:52:55 GMT"
						},
						{
							"key": "Connection",
							"value": "keep-alive"
						},
						{
							"key": "Keep-Alive",
							"value": "timeout=5"
						}
					],
					"cookie": [],
					"body": "[\n    {\n        \"msgId\": \"81036682-4c21-11ec-9660-0242ac120002\",\n        \"content\": \"hello there!\",\n        \"timestamp\": \"2021-11-23T05:52:12.000Z\",\n        \"read\": 0,\n        \"sender\": \"0e5271af-4c1e-11ec-9ae2-0242ac120002\",\n        \"recipient\": \"0e52d6c8-4c1e-11ec-9ae2-0242ac120002\"\n    }\n]"
				}
			]
		},
		{
			"name": "get recent messages in conversation",
			"request": {
				"method": "GET",
				"header": [],
				"url": {
					"raw": "localhost:5000/messages/{{aConvoUser}}?since=2021-11-23",
					"host": [
						"localhost"
					],
					"port": "5000",
					"path": [
						"messages",
						"{{aConvoUser}}"
					],
					"query": [
						{
							"key": "since",
							"value": "2021-11-23"
						}
					]
				}
			},
			"response": [
				{
					"name": "example recent convo",
					"originalRequest": {
						"method": "GET",
						"header": [],
						"url": {
							"raw": "localhost:5000/messages/{{aConvoUser}}?since=2021-11-23",
							"host": [
								"localhost"
							],
							"port": "5000",
							"path": [
								"messages",
								"{{aConvoUser}}"
							],
							"query": [
								{
									"key": "since",
									"value": "2021-11-23"
								}
							]
						}
					},
					"status": "OK",
					"code": 200,
					"_postman_previewlanguage": "json",
					"header": [
						{
							"key": "X-Powered-By",
							"value": "Express"
						},
						{
							"key": "Content-Type",
							"value": "application/json; charset=utf-8"
						},
						{
							"key": "Content-Length",
							"value": "222"
						},
						{
							"key": "ETag",
							"value": "W/\"de-IQNgmDpX2S2L4C4cjOpItj07IkE\""
						},
						{
							"key": "Date",
							"value": "Tue, 23 Nov 2021 05:53:29 GMT"
						},
						{
							"key": "Connection",
							"value": "keep-alive"
						},
						{
							"key": "Keep-Alive",
							"value": "timeout=5"
						}
					],
					"cookie": [],
					"body": "[\n    {\n        \"msgId\": \"81036682-4c21-11ec-9660-0242ac120002\",\n        \"content\": \"hello there!\",\n        \"timestamp\": \"2021-11-23T05:52:12.000Z\",\n        \"read\": 0,\n        \"sender\": \"0e5271af-4c1e-11ec-9ae2-0242ac120002\",\n        \"recipient\": \"0e52d6c8-4c1e-11ec-9ae2-0242ac120002\"\n    }\n]"
				}
			]
		},
		{
			"name": "add message to conversation",
			"request": {
				"method": "POST",
				"header": [],
				"body": {
					"mode": "raw",
					"raw": "{\r\n    \"content\": \"hello there!\"\r\n}",
					"options": {
						"raw": {
							"language": "json"
						}
					}
				},
				"url": {
					"raw": "localhost:5000/messages/{{aConvoUser}}",
					"host": [
						"localhost"
					],
					"port": "5000",
					"path": [
						"messages",
						"{{aConvoUser}}"
					]
				}
			},
			"response": [
				{
					"name": "example success",
					"originalRequest": {
						"method": "POST",
						"header": [],
						"body": {
							"mode": "raw",
							"raw": "{\r\n    \"content\": \"hello there!\"\r\n}",
							"options": {
								"raw": {
									"language": "json"
								}
							}
						},
						"url": {
							"raw": "localhost:5000/messages/{{aConvoUser}}",
							"host": [
								"localhost"
							],
							"port": "5000",
							"path": [
								"messages",
								"{{aConvoUser}}"
							]
						}
					},
					"status": "OK",
					"code": 200,
					"_postman_previewlanguage": "json",
					"header": [
						{
							"key": "X-Powered-By",
							"value": "Express"
						},
						{
							"key": "Content-Type",
							"value": "application/json; charset=utf-8"
						},
						{
							"key": "Content-Length",
							"value": "127"
						},
						{
							"key": "ETag",
							"value": "W/\"7f-r8bKvcfQJxHfmO4yrVRF/uUE37I\""
						},
						{
							"key": "Date",
							"value": "Tue, 23 Nov 2021 05:52:12 GMT"
						},
						{
							"key": "Connection",
							"value": "keep-alive"
						},
						{
							"key": "Keep-Alive",
							"value": "timeout=5"
						}
					],
					"cookie": [],
					"body": "{\n    \"fieldCount\": 0,\n    \"affectedRows\": 1,\n    \"insertId\": 0,\n    \"serverStatus\": 2,\n    \"warningCount\": 0,\n    \"message\": \"\",\n    \"protocol41\": true,\n    \"changedRows\": 0\n}"
				}
			]
		}
	],
	"auth": {
		"type": "bearer",
		"bearer": [
			{
				"key": "token",
				"value": "{{authToken}}",
				"type": "string"
			}
		]
	},
	"event": [
		{
			"listen": "prerequest",
			"script": {
				"type": "text/javascript",
				"exec": [
					""
				]
			}
		},
		{
			"listen": "test",
			"script": {
				"type": "text/javascript",
				"exec": [
					""
				]
			}
		}
	]
}